<?xml version="1.0"?>
<doc>
    <assembly>
        <name>OxyPlot.Pdf</name>
    </assembly>
    <members>
        <member name="T:OxyPlot.Pdf.LatexReportWriter">
            <summary>
            Provides a report writer for LaTeX2e.
            </summary>
        </member>
        <member name="F:OxyPlot.Pdf.LatexReportWriter.title">
            <summary>
            The title.
            </summary>
        </member>
        <member name="F:OxyPlot.Pdf.LatexReportWriter.author">
            <summary>
            The author.
            </summary>
        </member>
        <member name="F:OxyPlot.Pdf.LatexReportWriter.fontsize">
            <summary>
            The fontsize.
            </summary>
        </member>
        <member name="F:OxyPlot.Pdf.LatexReportWriter.documentType">
            <summary>
            The document type.
            </summary>
        </member>
        <member name="F:OxyPlot.Pdf.LatexReportWriter.isDocumentEnded">
            <summary>
            Flag if the end of the document has been written.
            </summary>
        </member>
        <member name="F:OxyPlot.Pdf.LatexReportWriter.indent">
            <summary>
            The indent.
            </summary>
        </member>
        <member name="M:OxyPlot.Pdf.LatexReportWriter.#ctor(System.IO.Stream,System.String,System.String,System.String,System.String)">
            <summary>
            Initializes a new instance of the <see cref="T:OxyPlot.Pdf.LatexReportWriter"/> class.
            </summary>
            <param name="s">
            The s.
            </param>
            <param name="title">
            The title.
            </param>
            <param name="author">
            The author.
            </param>
            <param name="fontsize">
            The font size.
            </param>
            <param name="documentType">
            The document type.
            </param>
        </member>
        <member name="M:OxyPlot.Pdf.LatexReportWriter.BeginDocument">
            <summary>
            Begins the document.
            </summary>
        </member>
        <member name="M:OxyPlot.Pdf.LatexReportWriter.EndDocument">
            <summary>
            Ends the document.
            </summary>
        </member>
        <member name="M:OxyPlot.Pdf.LatexReportWriter.Indent">
            <summary>
            The indent.
            </summary>
        </member>
        <member name="M:OxyPlot.Pdf.LatexReportWriter.UnIndent">
            <summary>
            The un indent.
            </summary>
        </member>
        <member name="M:OxyPlot.Pdf.LatexReportWriter.WriteDrawing(OxyPlot.Reporting.DrawingFigure)">
            <summary>
            Writes the drawing.
            </summary>
            <param name="d">
            The d.
            </param>
        </member>
        <member name="M:OxyPlot.Pdf.LatexReportWriter.WriteEquation(OxyPlot.Reporting.Equation)">
            <summary>
            Writes the equation.
            </summary>
            <param name="equation">
            The equation.
            </param>
        </member>
        <member name="M:OxyPlot.Pdf.LatexReportWriter.WriteHeader(OxyPlot.Reporting.Header)">
            <summary>
            Writes the header.
            </summary>
            <param name="h">
            The h.
            </param>
        </member>
        <member name="M:OxyPlot.Pdf.LatexReportWriter.WriteImage(OxyPlot.Reporting.Image)">
            <summary>
            Writes the image.
            </summary>
            <param name="i">
            The i.
            </param>
        </member>
        <member name="M:OxyPlot.Pdf.LatexReportWriter.WriteLatexHeader">
            <summary>
            Writes the latex header.
            </summary>
        </member>
        <member name="M:OxyPlot.Pdf.LatexReportWriter.WriteParagraph(OxyPlot.Reporting.Paragraph)">
            <summary>
            Writes the paragraph.
            </summary>
            <param name="p">
            The p.
            </param>
        </member>
        <member name="M:OxyPlot.Pdf.LatexReportWriter.WritePlot(OxyPlot.Reporting.PlotFigure)">
            <summary>
            Writes the plot.
            </summary>
            <param name="plot">
            The plot.
            </param>
        </member>
        <member name="M:OxyPlot.Pdf.LatexReportWriter.WriteReport(OxyPlot.Reporting.Report,OxyPlot.Reporting.ReportStyle)">
            <summary>
            Writes the report.
            </summary>
            <param name="report">
            The report.
            </param>
            <param name="reportStyle">
            The style.
            </param>
        </member>
        <member name="M:OxyPlot.Pdf.LatexReportWriter.WriteTable(OxyPlot.Reporting.Table)">
            <summary>
            Writes the table.
            </summary>
            <param name="t">
            The t.
            </param>
        </member>
        <member name="M:OxyPlot.Pdf.LatexReportWriter.Dispose(System.Boolean)">
            <summary>
            Releases the unmanaged resources used by the <see cref="T:System.IO.StreamWriter"/> and optionally releases the managed resources.
            </summary>
            <param name="disposing">
            true to release both managed and unmanaged resources; false to release only unmanaged resources.
            </param>
            <exception cref="T:System.Text.EncoderFallbackException">
            The current encoding does not support displaying half of a Unicode surrogate pair.
            </exception>
        </member>
        <member name="M:OxyPlot.Pdf.LatexReportWriter.LatexEncodeText(System.String)">
            <summary>
            Encodes text.
            </summary>
            <param name="t">
            The text to encode.
            </param>
            <returns>
            The encoded text.
            </returns>
        </member>
        <member name="M:OxyPlot.Pdf.LatexReportWriter.WriteIndent">
            <summary>
            Writes the indent.
            </summary>
        </member>
        <member name="M:OxyPlot.Pdf.LatexReportWriter.WriteIndentedLine(System.String)">
            <summary>
            Writes the indented line.
            </summary>
            <param name="s">
            The s.
            </param>
        </member>
        <member name="T:OxyPlot.Pdf.NamespaceDoc">
            <summary>
            The OxyPlot.Pdf namespace contains functionality to export plots and reports to .pdf files.
            </summary>
        </member>
        <member name="T:OxyPlot.Pdf.RtfReportWriter">
            <summary>
            Provides a report writer for rich text format using MigraDoc.
            </summary>
        </member>
        <member name="T:OxyPlot.Pdf.PdfReportWriter">
            <summary>
            Provides a report writer for portable document format using MigraDoc.
            </summary>
        </member>
        <member name="F:OxyPlot.Pdf.PdfReportWriter.currentSection">
            <summary>
            The current section.
            </summary>
        </member>
        <member name="F:OxyPlot.Pdf.PdfReportWriter.disposed">
            <summary>
            The disposed flag.
            </summary>
        </member>
        <member name="F:OxyPlot.Pdf.PdfReportWriter.isClosed">
            <summary>
            Flag if the document has been closed.
            </summary>
        </member>
        <member name="F:OxyPlot.Pdf.PdfReportWriter.style">
            <summary>
            The style.
            </summary>
        </member>
        <member name="M:OxyPlot.Pdf.PdfReportWriter.#ctor(System.String)">
            <summary>
            Initializes a new instance of the <see cref="T:OxyPlot.Pdf.PdfReportWriter"/> class.
            </summary>
            <param name="filename">
            The FileName.
            </param>
        </member>
        <member name="M:OxyPlot.Pdf.PdfReportWriter.DefineStyles(MigraDoc.DocumentObjectModel.Document,OxyPlot.Reporting.ReportStyle)">
            <summary>
            Defines the styles used in the document.
            </summary>
            <param name="document">
            The document.
            </param>
            <param name="reportStyle">
            The report Style.
            </param>
        </member>
        <member name="M:OxyPlot.Pdf.PdfReportWriter.Close">
            <summary>
            Closes this instance.
            </summary>
        </member>
        <member name="M:OxyPlot.Pdf.PdfReportWriter.Dispose">
            <summary>
            Performs application-defined tasks associated with freeing, releasing, or resetting unmanaged resources.
            </summary>
        </member>
        <member name="M:OxyPlot.Pdf.PdfReportWriter.WriteDrawing(OxyPlot.Reporting.DrawingFigure)">
            <summary>
            The write drawing.
            </summary>
            <param name="d">
            The d.
            </param>
        </member>
        <member name="M:OxyPlot.Pdf.PdfReportWriter.WriteEndFigure(OxyPlot.Reporting.Figure,MigraDoc.DocumentObjectModel.Paragraph)">
            <summary>
            The write end figure.
            </summary>
            <param name="f">
            The f.
            </param>
            <param name="pa">
            The pa.
            </param>
        </member>
        <member name="M:OxyPlot.Pdf.PdfReportWriter.WriteEquation(OxyPlot.Reporting.Equation)">
            <summary>
            The write equation.
            </summary>
            <param name="equation">
            The equation.
            </param>
        </member>
        <member name="M:OxyPlot.Pdf.PdfReportWriter.WriteHeader(OxyPlot.Reporting.Header)">
            <summary>
            The write header.
            </summary>
            <param name="h">
            The h.
            </param>
        </member>
        <member name="M:OxyPlot.Pdf.PdfReportWriter.WriteImage(OxyPlot.Reporting.Image)">
            <summary>
            The write image.
            </summary>
            <param name="i">
            The i.
            </param>
        </member>
        <member name="M:OxyPlot.Pdf.PdfReportWriter.WriteParagraph(OxyPlot.Reporting.Paragraph)">
            <summary>
            The write paragraph.
            </summary>
            <param name="p">
            The p.
            </param>
        </member>
        <member name="M:OxyPlot.Pdf.PdfReportWriter.WritePlot(OxyPlot.Reporting.PlotFigure)">
            <summary>
            The write plot.
            </summary>
            <param name="plot">
            The plot.
            </param>
        </member>
        <member name="M:OxyPlot.Pdf.PdfReportWriter.WriteReport(OxyPlot.Reporting.Report,OxyPlot.Reporting.ReportStyle)">
            <summary>
            Writes the report.
            </summary>
            <param name="report">
            The report.
            </param>
            <param name="reportStyle">
            The report style.
            </param>
        </member>
        <member name="M:OxyPlot.Pdf.PdfReportWriter.WriteStartFigure(OxyPlot.Reporting.Figure)">
            <summary>
            Writes the start of a figure.
            </summary>
            <param name="f">
            The figure.
            </param>
            <returns>
            A paragraph
            </returns>
        </member>
        <member name="M:OxyPlot.Pdf.PdfReportWriter.WriteTable(OxyPlot.Reporting.Table)">
            <summary>
            Writes the table.
            </summary>
            <param name="table">
            The table.
            </param>
        </member>
        <member name="M:OxyPlot.Pdf.PdfReportWriter.ConvertToParagraphAlignment(OxyPlot.Reporting.Alignment)">
            <summary>
            Converts paragraph alignment.
            </summary>
            <param name="alignment">
            The alignment.
            </param>
            <returns>
            The pdf alignment.
            </returns>
        </member>
        <member name="M:OxyPlot.Pdf.PdfReportWriter.SetStyle(MigraDoc.DocumentObjectModel.Style,OxyPlot.Reporting.ParagraphStyle)">
            <summary>
            The set style.
            </summary>
            <param name="style">
            The style.
            </param>
            <param name="ps">
            The ps.
            </param>
        </member>
        <member name="M:OxyPlot.Pdf.PdfReportWriter.ToMigraDocColor(OxyPlot.OxyColor)">
            <summary>
            Converts an OxyColor to a migra doc color.
            </summary>
            <param name="c">
            The color.
            </param>
            <returns>
            The converted color.
            </returns>
        </member>
        <member name="M:OxyPlot.Pdf.PdfReportWriter.Dispose(System.Boolean)">
            <summary>
            Releases unmanaged and - optionally - managed resources
            </summary>
            <param name="disposing">
            <c>true</c> to release both managed and unmanaged resources; <c>false</c> to release only unmanaged resources.
            </param>
        </member>
        <member name="P:OxyPlot.Pdf.PdfReportWriter.Document">
            <summary>
            Gets or sets the pdf document.
            </summary>
        </member>
        <member name="P:OxyPlot.Pdf.PdfReportWriter.FileName">
            <summary>
            Gets or sets the file name.
            </summary>
        </member>
        <member name="P:OxyPlot.Pdf.PdfReportWriter.CurrentSection">
            <summary>
            Gets the current section.
            </summary>
        </member>
        <member name="M:OxyPlot.Pdf.RtfReportWriter.#ctor(System.String)">
            <summary>
            Initializes a new instance of the <see cref="T:OxyPlot.Pdf.RtfReportWriter"/> class.
            </summary>
            <param name="filename">
            The FileName.
            </param>
        </member>
        <member name="M:OxyPlot.Pdf.RtfReportWriter.Close">
            <summary>
            The close.
            </summary>
        </member>
        <member name="T:OxyPlot.Pdf.PdfExporter">
            <summary>
            Provides functionality to export plots to portable document format.
            </summary>
        </member>
        <member name="M:OxyPlot.Pdf.PdfExporter.Export(OxyPlot.PlotModel,System.String,System.Double,System.Double)">
            <summary>
            Exports the specified model to a file.
            </summary>
            <param name="model">
            The model.
            </param>
            <param name="path">
            The path.
            </param>
            <param name="width">
            The width (points).
            </param>
            <param name="height">
            The height (points).
            </param>
        </member>
        <member name="M:OxyPlot.Pdf.PdfExporter.Export(OxyPlot.PlotModel,System.IO.Stream,System.Double,System.Double)">
            <summary>
            Exports the specified model to a stream.
            </summary>
            <param name="model">
            The model.
            </param>
            <param name="s">
            The stream.
            </param>
            <param name="width">
            The width (points).
            </param>
            <param name="height">
            The height (points).
            </param>
        </member>
        <member name="T:OxyPlot.Pdf.PdfRenderContext">
            <summary>
            Provides a render context for portable document format using PdfSharp (and SilverPDF for Silverlight)
            </summary>
            <remarks>
            see http://pdfsharp.codeplex.com and http://silverpdf.codeplex.com
            </remarks>
        </member>
        <member name="F:OxyPlot.Pdf.PdfRenderContext.FontsizeFactor">
            <summary>
            The fontsize factor.
            </summary>
        </member>
        <member name="F:OxyPlot.Pdf.PdfRenderContext.doc">
            <summary>
            The pdf document.
            </summary>
        </member>
        <member name="F:OxyPlot.Pdf.PdfRenderContext.g">
            <summary>
            The PdfSharp graphics context.
            </summary>
        </member>
        <member name="F:OxyPlot.Pdf.PdfRenderContext.page">
            <summary>
            The pdf page.
            </summary>
        </member>
        <member name="F:OxyPlot.Pdf.PdfRenderContext.disposed">
            <summary>
            The disposed flag.
            </summary>
        </member>
        <member name="M:OxyPlot.Pdf.PdfRenderContext.#ctor(System.Double,System.Double,OxyPlot.OxyColor)">
            <summary>
            Initializes a new instance of the <see cref="T:OxyPlot.Pdf.PdfRenderContext"/> class.
            </summary>
            <param name="width">The width.</param>
            <param name="height">The height.</param>
            <param name="background">The background color.</param>
        </member>
        <member name="M:OxyPlot.Pdf.PdfRenderContext.Dispose">
            <summary>
            Performs application-defined tasks associated with freeing, releasing, or resetting unmanaged resources.
            </summary>
        </member>
        <member name="M:OxyPlot.Pdf.PdfRenderContext.DrawEllipse(OxyPlot.OxyRect,OxyPlot.OxyColor,OxyPlot.OxyColor,System.Double)">
            <summary>
            The draw ellipse.
            </summary>
            <param name="rect">
            The rect.
            </param>
            <param name="fill">
            The fill.
            </param>
            <param name="stroke">
            The stroke.
            </param>
            <param name="thickness">
            The thickness.
            </param>
        </member>
        <member name="M:OxyPlot.Pdf.PdfRenderContext.DrawLine(System.Collections.Generic.IList{OxyPlot.ScreenPoint},OxyPlot.OxyColor,System.Double,System.Double[],OxyPlot.OxyPenLineJoin,System.Boolean)">
            <summary>
            The draw line.
            </summary>
            <param name="points">
            The points.
            </param>
            <param name="stroke">
            The stroke.
            </param>
            <param name="thickness">
            The thickness.
            </param>
            <param name="dashArray">
            The dash array.
            </param>
            <param name="lineJoin">
            The line join.
            </param>
            <param name="aliased">
            The aliased.
            </param>
        </member>
        <member name="M:OxyPlot.Pdf.PdfRenderContext.DrawPolygon(System.Collections.Generic.IList{OxyPlot.ScreenPoint},OxyPlot.OxyColor,OxyPlot.OxyColor,System.Double,System.Double[],OxyPlot.OxyPenLineJoin,System.Boolean)">
            <summary>
            The draw polygon.
            </summary>
            <param name="points">
            The points.
            </param>
            <param name="fill">
            The fill.
            </param>
            <param name="stroke">
            The stroke.
            </param>
            <param name="thickness">
            The thickness.
            </param>
            <param name="dashArray">
            The dash array.
            </param>
            <param name="lineJoin">
            The line join.
            </param>
            <param name="aliased">
            The aliased.
            </param>
        </member>
        <member name="M:OxyPlot.Pdf.PdfRenderContext.DrawRectangle(OxyPlot.OxyRect,OxyPlot.OxyColor,OxyPlot.OxyColor,System.Double)">
            <summary>
            The draw rectangle.
            </summary>
            <param name="rect">
            The rect.
            </param>
            <param name="fill">
            The fill.
            </param>
            <param name="stroke">
            The stroke.
            </param>
            <param name="thickness">
            The thickness.
            </param>
        </member>
        <member name="M:OxyPlot.Pdf.PdfRenderContext.DrawText(OxyPlot.ScreenPoint,System.String,OxyPlot.OxyColor,System.String,System.Double,System.Double,System.Double,OxyPlot.HorizontalAlignment,OxyPlot.VerticalAlignment,System.Nullable{OxyPlot.OxySize})">
            <summary>
            The draw text.
            </summary>
            <param name="p">
            The p.
            </param>
            <param name="text">
            The text.
            </param>
            <param name="fill">
            The fill.
            </param>
            <param name="fontFamily">
            The font family.
            </param>
            <param name="fontSize">
            The font size.
            </param>
            <param name="fontWeight">
            The font weight.
            </param>
            <param name="rotate">
            The rotate.
            </param>
            <param name="halign">
            The halign.
            </param>
            <param name="valign">
            The valign.
            </param>
            <param name="maxSize">
            The maximum size of the text.
            </param>
        </member>
        <member name="M:OxyPlot.Pdf.PdfRenderContext.MeasureText(System.String,System.String,System.Double,System.Double)">
            <summary>
            The measure text.
            </summary>
            <param name="text">
            The text.
            </param>
            <param name="fontFamily">
            The font family.
            </param>
            <param name="fontSize">
            The font size.
            </param>
            <param name="fontWeight">
            The font weight.
            </param>
            <returns>
            The text size.
            </returns>
        </member>
        <member name="M:OxyPlot.Pdf.PdfRenderContext.Save(System.IO.Stream)">
            <summary>
            Save the document to a stream.
            </summary>
            <param name="s">
            The stream.
            </param>
        </member>
        <member name="M:OxyPlot.Pdf.PdfRenderContext.ToBrush(OxyPlot.OxyColor)">
            <summary>
            Converts an OxyColor to a brush.
            </summary>
            <param name="fill">
            The fill color.
            </param>
            <returns>
            The brush.
            </returns>
        </member>
        <member name="M:OxyPlot.Pdf.PdfRenderContext.ToColor(OxyPlot.OxyColor)">
            <summary>
            Converts an OxyColor to an XColor.
            </summary>
            <param name="c">
            The source color.
            </param>
            <returns>
            The color.
            </returns>
        </member>
        <member name="M:OxyPlot.Pdf.PdfRenderContext.ToPoints(System.Collections.Generic.IList{OxyPlot.ScreenPoint})">
            <summary>
            Converts a list of points.
            </summary>
            <param name="points">
            The list of points.
            </param>
            <returns>
            The points.
            </returns>
        </member>
        <member name="M:OxyPlot.Pdf.PdfRenderContext.Dispose(System.Boolean)">
            <summary>
            Releases unmanaged and - optionally - managed resources
            </summary>
            <param name="disposing">
            <c>true</c> to release both managed and unmanaged resources; <c>false</c> to release only unmanaged resources.
            </param>
        </member>
        <member name="M:OxyPlot.Pdf.PdfRenderContext.CleanUp">
            <summary>
            Cleans up.
            </summary>
        </member>
        <member name="M:OxyPlot.Pdf.PdfRenderContext.GetImageInfo(OxyPlot.OxyImage)">
            <summary>
            Gets the image info.
            </summary>
            <param name="source">The source.</param>
            <returns></returns>
        </member>
        <member name="M:OxyPlot.Pdf.PdfRenderContext.DrawImage(OxyPlot.OxyImage,System.UInt32,System.UInt32,System.UInt32,System.UInt32,System.Double,System.Double,System.Double,System.Double,System.Double,System.Boolean)">
            <summary>
            Draws the image.
            </summary>
            <param name="source">The source.</param>
            <param name="srcX">The SRC X.</param>
            <param name="srcY">The SRC Y.</param>
            <param name="srcWidth">Width of the SRC.</param>
            <param name="srcHeight">Height of the SRC.</param>
            <param name="x">The x.</param>
            <param name="y">The y.</param>
            <param name="w">The w.</param>
            <param name="h">The h.</param>
            <param name="opacity">The opacity.</param>
            <param name="interpolate">if set to <c>true</c> [interpolate].</param>
        </member>
        <member name="F:OxyPlot.Pdf.PdfRenderContext.imagesInUse">
            <summary>
            The images in use
            </summary>
        </member>
        <member name="F:OxyPlot.Pdf.PdfRenderContext.imageCache">
            <summary>
            The image cache
            </summary>
        </member>
        <member name="M:OxyPlot.Pdf.PdfRenderContext.GetImage(OxyPlot.OxyImage)">
            <summary>
            Gets the image.
            </summary>
            <param name="source">The source.</param>
            <returns></returns>
        </member>
        <member name="M:OxyPlot.Pdf.PdfRenderContext.SetClip(OxyPlot.OxyRect)">
            <summary>
            Sets the clip.
            </summary>
            <param name="rect">The rect.</param>
            <returns></returns>
        </member>
        <member name="M:OxyPlot.Pdf.PdfRenderContext.ResetClip">
            <summary>
            Resets the clip.
            </summary>
        </member>
        <member name="T:OxyPlot.Pdf.PdfSharpExtensions">
            <summary>
            Provides extension methods for OxyPlot to PdfSharp type conversion.
            </summary>
        </member>
        <member name="M:OxyPlot.Pdf.PdfSharpExtensions.ToXRect(OxyPlot.OxyRect)">
            <summary>
            Converts an <see cref="T:OxyPlot.OxyRect"/> to an <see cref="T:PdfSharp.Drawing.XRect"/>.
            </summary>
            <param name="r">The rectangle.</param>
            <returns>The <see cref="T:PdfSharp.Drawing.XRect"/></returns>
        </member>
    </members>
</doc>
