﻿<?xml version="1.0"?>
<doc>
<assembly>
<name>
ProteinFileReader
</name>
</assembly>
<members>
<member name="M:ProteinFileReader.DelimitedFileReader.#ctor">
 <summary>
 Constructor
 </summary>
 <remarks></remarks>
</member>
<member name="T:ProteinFileReader.DelimitedFileReader.eDelimitedFileFormatCode">
 <summary>
 Columns present in the delimited text file
 </summary>
 <remarks></remarks>
</member>
<member name="P:ProteinFileReader.DelimitedFileReader.Delimiter">
 <summary>
 Delimiter between columns
 </summary>
 <value></value>
 <returns></returns>
 <remarks>Default is tab</remarks>
</member>
<member name="P:ProteinFileReader.DelimitedFileReader.DelimitedFileFormatCode">
 <summary>
 Delimited file format code
 </summary>
 <value></value>
 <returns></returns>
 <remarks></remarks>
</member>
<member name="P:ProteinFileReader.DelimitedFileReader.HeaderLine">
 <summary>
 Protein Name or Protein Name and Description
 </summary>
 <value></value>
 <returns></returns>
 <remarks>If file format is eDelimitedFileFormatCode.SequenceOnly, returns the protein sequence</remarks>
</member>
<member name="P:ProteinFileReader.DelimitedFileReader.SkipFirstLine">
 <summary>
 Controls whether to skip the first line
 </summary>
 <value></value>
 <returns></returns>
 <remarks></remarks>
</member>
<member name="M:ProteinFileReader.DelimitedFileReader.ReadNextProteinEntry">
 <summary>
 Reads the next entry in delimited protein (or delimited peptide) file
 </summary>
 <returns>True if an entry is found, otherwise false</returns>
 <remarks>This function will update variable mFileLineSkipCount if any lines are skipped due to having an invalid format</remarks>
</member>
<member name="M:ProteinFileReader.DelimitedFileReader.OpenFile(System.String)">
 <summary>
 Open the delimited text file
 </summary>
 <param name="strInputFilePath"></param>
 <returns>True if success, false if a problem</returns>
 <remarks></remarks>
</member>
<member name="M:ProteinFileReader.FastaFileReader.#ctor">
 <summary>
 Constructor
 </summary>
 <remarks></remarks>
</member>
<member name="P:ProteinFileReader.FastaFileReader.HeaderLine">
 <summary>
 Header line (protein name and description), without the start character (&lt;)
 </summary>
 <value></value>
 <returns></returns>
 <remarks></remarks>
</member>
<member name="P:ProteinFileReader.FastaFileReader.ProteinLineStartChar">
 <summary>
 Character that precedes each header line (the line with the protein name and description)
 </summary>
 <value></value>
 <returns></returns>
 <remarks></remarks>
</member>
<member name="P:ProteinFileReader.FastaFileReader.ProteinLineAccessionEndChar">
 <summary>
 The character that follows the protein name; always a space
 </summary>
 <value></value>
 <returns></returns>
 <remarks></remarks>
</member>
<member name="M:ProteinFileReader.FastaFileReader.GetHeaderLine(System.Boolean)">
 <summary>
 Header line (protein name and description)
 </summary>
 <param name="includeStartChar">If true then include the start character (&lt;)</param>
 <returns></returns>
 <remarks></remarks>
</member>
<member name="M:ProteinFileReader.FastaFileReader.ReadNextProteinEntry">
 <summary>
 Reads the next entry in a Fasta file
 </summary>
 <returns>True if an entry is found, otherwise false</returns>
 <remarks></remarks>
</member>
<member name="M:ProteinFileReader.ProteinFileReaderBaseClass.#ctor">
 <summary>
 Constructor
 </summary>
 <remarks></remarks>
</member>
<member name="T:ProteinFileReader.ProteinFileReaderBaseClass.udtProteinEntryType">
 <summary>
 This structure is used both for Proteins and for Peptides
 Only Peptides from delimited text files use the Mass and NET fields
 </summary>
 <remarks></remarks>
</member>
<member name="P:ProteinFileReader.ProteinFileReaderBaseClass.EntryUniqueID">
 <summary>
 Unique entry ID
 </summary>
 <value></value>
 <returns></returns>
 <remarks>Only used for delimited text files of peptides, with a eDelimitedFileFormatCode format that has a UniqueID column</remarks>
</member>
<member name="P:ProteinFileReader.ProteinFileReaderBaseClass.LinesRead">
 <summary>
 Number of lines read
 </summary>
 <value></value>
 <returns></returns>
 <remarks></remarks>
</member>
<member name="P:ProteinFileReader.ProteinFileReaderBaseClass.LineSkipCount">
 <summary>
 Number of lines skipped due to having an invalid format
 </summary>
 <value></value>
 <returns></returns>
 <remarks></remarks>
</member>
<member name="P:ProteinFileReader.ProteinFileReaderBaseClass.PeptideDiscriminantScore">
 <summary>
 Peptide discriminant score
 </summary>
 <value></value>
 <returns></returns>
 <remarks></remarks>
</member>
<member name="P:ProteinFileReader.ProteinFileReaderBaseClass.PeptideMass">
 <summary>
 Peptide mass
 </summary>
 <value></value>
 <returns></returns>
 <remarks></remarks>
</member>
<member name="P:ProteinFileReader.ProteinFileReaderBaseClass.PeptideNET">
 <summary>
 Peptide normalized elution time (NET)
 </summary>
 <value></value>
 <returns></returns>
 <remarks></remarks>
</member>
<member name="P:ProteinFileReader.ProteinFileReaderBaseClass.PeptideNETStDev">
 <summary>
 Standard deviation of peptide normalized elution time (NET)
 </summary>
 <value></value>
 <returns></returns>
 <remarks></remarks>
</member>
<member name="P:ProteinFileReader.ProteinFileReaderBaseClass.ProteinName">
 <summary>
 Protein name
 </summary>
 <value></value>
 <returns></returns>
 <remarks></remarks>
</member>
<member name="P:ProteinFileReader.ProteinFileReaderBaseClass.ProteinDescription">
 <summary>
 Protein description
 </summary>
 <value></value>
 <returns></returns>
 <remarks></remarks>
</member>
<member name="P:ProteinFileReader.ProteinFileReaderBaseClass.ProteinSequence">
 <summary>
 Protein sequence
 </summary>
 <value></value>
 <returns></returns>
 <remarks></remarks>
</member>
<member name="P:ProteinFileReader.ProteinFileReaderBaseClass.HeaderLine">
 <summary>
 Protein Name or Protein Name and Description
 </summary>
 <value></value>
 <returns></returns>
 <remarks>If file format is eDelimitedFileFormatCode.SequenceOnly, returns the protein sequence</remarks>
</member>
<member name="M:ProteinFileReader.ProteinFileReaderBaseClass.CloseFile">
 <summary>
 Close the data file
 </summary>
 <returns></returns>
 <remarks></remarks>
</member>
<member name="M:ProteinFileReader.ProteinFileReaderBaseClass.OpenFile(System.String)">
 <summary>
 Open the text file
 </summary>
 <param name="strInputFilePath"></param>
 <returns>True if success, false if a problem</returns>
 <remarks></remarks>
</member>
<member name="M:ProteinFileReader.ProteinFileReaderBaseClass.PercentFileProcessed">
 <summary>
 Percent of the file that has been read
 </summary>
 <returns>Value between 0 and 100</returns>
 <remarks></remarks>
</member>
<member name="M:ProteinFileReader.ProteinFileReaderBaseClass.ReadNextProteinEntry">
 <summary>
 Look for the next protein entry
 </summary>
 <returns>True if an entry is found, otherwise false</returns>
 <remarks></remarks>
</member>
</members>
</doc>
